file_id,struct_id,n_atoms_hit,file_path
50,1136,2,/Users/samuel/Desktop/postdoc_PhLAM/NO_HOPG/data/vaspdata.Ei.0.1.Ts.100.NO.rand.zpe/vasprun-54.xml
51,450,1,/Users/samuel/Desktop/postdoc_PhLAM/NO_HOPG/data/vaspdata.Ei.0.1.Ts.100.NO.rand.zpe/vasprun-55.xml
51,483,1,/Users/samuel/Desktop/postdoc_PhLAM/NO_HOPG/data/vaspdata.Ei.0.1.Ts.100.NO.rand.zpe/vasprun-55.xml
51,606,1,/Users/samuel/Desktop/postdoc_PhLAM/NO_HOPG/data/vaspdata.Ei.0.1.Ts.100.NO.rand.zpe/vasprun-55.xml
51,644,1,/Users/samuel/Desktop/postdoc_PhLAM/NO_HOPG/data/vaspdata.Ei.0.1.Ts.100.NO.rand.zpe/vasprun-55.xml
51,714,1,/Users/samuel/Desktop/postdoc_PhLAM/NO_HOPG/data/vaspdata.Ei.0.1.Ts.100.NO.rand.zpe/vasprun-55.xml
51,1211,1,/Users/samuel/Desktop/postdoc_PhLAM/NO_HOPG/data/vaspdata.Ei.0.1.Ts.100.NO.rand.zpe/vasprun-55.xml
52,390,1,/Users/samuel/Desktop/postdoc_PhLAM/NO_HOPG/data/vaspdata.Ei.0.1.Ts.100.NO.rand.zpe/vasprun-56.xml
52,474,1,/Users/samuel/Desktop/postdoc_PhLAM/NO_HOPG/data/vaspdata.Ei.0.1.Ts.100.NO.rand.zpe/vasprun-56.xml
52,522,1,/Users/samuel/Desktop/postdoc_PhLAM/NO_HOPG/data/vaspdata.Ei.0.1.Ts.100.NO.rand.zpe/vasprun-56.xml
52,704,1,/Users/samuel/Desktop/postdoc_PhLAM/NO_HOPG/data/vaspdata.Ei.0.1.Ts.100.NO.rand.zpe/vasprun-56.xml
52,802,1,/Users/samuel/Desktop/postdoc_PhLAM/NO_HOPG/data/vaspdata.Ei.0.1.Ts.100.NO.rand.zpe/vasprun-56.xml
52,1138,1,/Users/samuel/Desktop/postdoc_PhLAM/NO_HOPG/data/vaspdata.Ei.0.1.Ts.100.NO.rand.zpe/vasprun-56.xml
52,1190,1,/Users/samuel/Desktop/postdoc_PhLAM/NO_HOPG/data/vaspdata.Ei.0.1.Ts.100.NO.rand.zpe/vasprun-56.xml
53,121,1,/Users/samuel/Desktop/postdoc_PhLAM/NO_HOPG/data/vaspdata.Ei.0.1.Ts.100.NO.rand.zpe/vasprun-57.xml
53,287,1,/Users/samuel/Desktop/postdoc_PhLAM/NO_HOPG/data/vaspdata.Ei.0.1.Ts.100.NO.rand.zpe/vasprun-57.xml
53,364,1,/Users/samuel/Desktop/postdoc_PhLAM/NO_HOPG/data/vaspdata.Ei.0.1.Ts.100.NO.rand.zpe/vasprun-57.xml
53,400,1,/Users/samuel/Desktop/postdoc_PhLAM/NO_HOPG/data/vaspdata.Ei.0.1.Ts.100.NO.rand.zpe/vasprun-57.xml
53,543,1,/Users/samuel/Desktop/postdoc_PhLAM/NO_HOPG/data/vaspdata.Ei.0.1.Ts.100.NO.rand.zpe/vasprun-57.xml
53,745,1,/Users/samuel/Desktop/postdoc_PhLAM/NO_HOPG/data/vaspdata.Ei.0.1.Ts.100.NO.rand.zpe/vasprun-57.xml
53,854,1,/Users/samuel/Desktop/postdoc_PhLAM/NO_HOPG/data/vaspdata.Ei.0.1.Ts.100.NO.rand.zpe/vasprun-57.xml
53,866,1,/Users/samuel/Desktop/postdoc_PhLAM/NO_HOPG/data/vaspdata.Ei.0.1.Ts.100.NO.rand.zpe/vasprun-57.xml
53,894,1,/Users/samuel/Desktop/postdoc_PhLAM/NO_HOPG/data/vaspdata.Ei.0.1.Ts.100.NO.rand.zpe/vasprun-57.xml
53,1086,1,/Users/samuel/Desktop/postdoc_PhLAM/NO_HOPG/data/vaspdata.Ei.0.1.Ts.100.NO.rand.zpe/vasprun-57.xml
53,1097,1,/Users/samuel/Desktop/postdoc_PhLAM/NO_HOPG/data/vaspdata.Ei.0.1.Ts.100.NO.rand.zpe/vasprun-57.xml
53,1117,1,/Users/samuel/Desktop/postdoc_PhLAM/NO_HOPG/data/vaspdata.Ei.0.1.Ts.100.NO.rand.zpe/vasprun-57.xml
53,1121,1,/Users/samuel/Desktop/postdoc_PhLAM/NO_HOPG/data/vaspdata.Ei.0.1.Ts.100.NO.rand.zpe/vasprun-57.xml
54,106,1,/Users/samuel/Desktop/postdoc_PhLAM/NO_HOPG/data/vaspdata.Ei.0.1.Ts.100.NO.rand.zpe/vasprun-58.xml
54,173,1,/Users/samuel/Desktop/postdoc_PhLAM/NO_HOPG/data/vaspdata.Ei.0.1.Ts.100.NO.rand.zpe/vasprun-58.xml
54,245,1,/Users/samuel/Desktop/postdoc_PhLAM/NO_HOPG/data/vaspdata.Ei.0.1.Ts.100.NO.rand.zpe/vasprun-58.xml
54,330,1,/Users/samuel/Desktop/postdoc_PhLAM/NO_HOPG/data/vaspdata.Ei.0.1.Ts.100.NO.rand.zpe/vasprun-58.xml
54,358,1,/Users/samuel/Desktop/postdoc_PhLAM/NO_HOPG/data/vaspdata.Ei.0.1.Ts.100.NO.rand.zpe/vasprun-58.xml
54,476,2,/Users/samuel/Desktop/postdoc_PhLAM/NO_HOPG/data/vaspdata.Ei.0.1.Ts.100.NO.rand.zpe/vasprun-58.xml
54,479,1,/Users/samuel/Desktop/postdoc_PhLAM/NO_HOPG/data/vaspdata.Ei.0.1.Ts.100.NO.rand.zpe/vasprun-58.xml
54,488,1,/Users/samuel/Desktop/postdoc_PhLAM/NO_HOPG/data/vaspdata.Ei.0.1.Ts.100.NO.rand.zpe/vasprun-58.xml
54,718,1,/Users/samuel/Desktop/postdoc_PhLAM/NO_HOPG/data/vaspdata.Ei.0.1.Ts.100.NO.rand.zpe/vasprun-58.xml
54,736,1,/Users/samuel/Desktop/postdoc_PhLAM/NO_HOPG/data/vaspdata.Ei.0.1.Ts.100.NO.rand.zpe/vasprun-58.xml
54,783,1,/Users/samuel/Desktop/postdoc_PhLAM/NO_HOPG/data/vaspdata.Ei.0.1.Ts.100.NO.rand.zpe/vasprun-58.xml
54,859,1,/Users/samuel/Desktop/postdoc_PhLAM/NO_HOPG/data/vaspdata.Ei.0.1.Ts.100.NO.rand.zpe/vasprun-58.xml
54,897,1,/Users/samuel/Desktop/postdoc_PhLAM/NO_HOPG/data/vaspdata.Ei.0.1.Ts.100.NO.rand.zpe/vasprun-58.xml
54,1054,1,/Users/samuel/Desktop/postdoc_PhLAM/NO_HOPG/data/vaspdata.Ei.0.1.Ts.100.NO.rand.zpe/vasprun-58.xml
54,1097,1,/Users/samuel/Desktop/postdoc_PhLAM/NO_HOPG/data/vaspdata.Ei.0.1.Ts.100.NO.rand.zpe/vasprun-58.xml
55,187,1,/Users/samuel/Desktop/postdoc_PhLAM/NO_HOPG/data/vaspdata.Ei.0.1.Ts.100.NO.rand.zpe/vasprun-59.xml
55,439,1,/Users/samuel/Desktop/postdoc_PhLAM/NO_HOPG/data/vaspdata.Ei.0.1.Ts.100.NO.rand.zpe/vasprun-59.xml
55,453,1,/Users/samuel/Desktop/postdoc_PhLAM/NO_HOPG/data/vaspdata.Ei.0.1.Ts.100.NO.rand.zpe/vasprun-59.xml
55,472,1,/Users/samuel/Desktop/postdoc_PhLAM/NO_HOPG/data/vaspdata.Ei.0.1.Ts.100.NO.rand.zpe/vasprun-59.xml
55,483,1,/Users/samuel/Desktop/postdoc_PhLAM/NO_HOPG/data/vaspdata.Ei.0.1.Ts.100.NO.rand.zpe/vasprun-59.xml
55,550,1,/Users/samuel/Desktop/postdoc_PhLAM/NO_HOPG/data/vaspdata.Ei.0.1.Ts.100.NO.rand.zpe/vasprun-59.xml
55,571,1,/Users/samuel/Desktop/postdoc_PhLAM/NO_HOPG/data/vaspdata.Ei.0.1.Ts.100.NO.rand.zpe/vasprun-59.xml
55,608,1,/Users/samuel/Desktop/postdoc_PhLAM/NO_HOPG/data/vaspdata.Ei.0.1.Ts.100.NO.rand.zpe/vasprun-59.xml
55,693,1,/Users/samuel/Desktop/postdoc_PhLAM/NO_HOPG/data/vaspdata.Ei.0.1.Ts.100.NO.rand.zpe/vasprun-59.xml
55,711,1,/Users/samuel/Desktop/postdoc_PhLAM/NO_HOPG/data/vaspdata.Ei.0.1.Ts.100.NO.rand.zpe/vasprun-59.xml
55,847,1,/Users/samuel/Desktop/postdoc_PhLAM/NO_HOPG/data/vaspdata.Ei.0.1.Ts.100.NO.rand.zpe/vasprun-59.xml
55,1054,1,/Users/samuel/Desktop/postdoc_PhLAM/NO_HOPG/data/vaspdata.Ei.0.1.Ts.100.NO.rand.zpe/vasprun-59.xml
55,1070,1,/Users/samuel/Desktop/postdoc_PhLAM/NO_HOPG/data/vaspdata.Ei.0.1.Ts.100.NO.rand.zpe/vasprun-59.xml
55,1072,1,/Users/samuel/Desktop/postdoc_PhLAM/NO_HOPG/data/vaspdata.Ei.0.1.Ts.100.NO.rand.zpe/vasprun-59.xml
55,1138,1,/Users/samuel/Desktop/postdoc_PhLAM/NO_HOPG/data/vaspdata.Ei.0.1.Ts.100.NO.rand.zpe/vasprun-59.xml
55,1172,1,/Users/samuel/Desktop/postdoc_PhLAM/NO_HOPG/data/vaspdata.Ei.0.1.Ts.100.NO.rand.zpe/vasprun-59.xml
56,337,1,/Users/samuel/Desktop/postdoc_PhLAM/NO_HOPG/data/vaspdata.Ei.0.1.Ts.100.NO.rand.zpe/vasprun-6.xml
56,515,1,/Users/samuel/Desktop/postdoc_PhLAM/NO_HOPG/data/vaspdata.Ei.0.1.Ts.100.NO.rand.zpe/vasprun-6.xml
56,519,1,/Users/samuel/Desktop/postdoc_PhLAM/NO_HOPG/data/vaspdata.Ei.0.1.Ts.100.NO.rand.zpe/vasprun-6.xml
56,687,1,/Users/samuel/Desktop/postdoc_PhLAM/NO_HOPG/data/vaspdata.Ei.0.1.Ts.100.NO.rand.zpe/vasprun-6.xml
56,757,1,/Users/samuel/Desktop/postdoc_PhLAM/NO_HOPG/data/vaspdata.Ei.0.1.Ts.100.NO.rand.zpe/vasprun-6.xml
59,414,1,/Users/samuel/Desktop/postdoc_PhLAM/NO_HOPG/data/vaspdata.Ei.0.1.Ts.100.NO.rand.zpe/vasprun-62.xml
59,484,1,/Users/samuel/Desktop/postdoc_PhLAM/NO_HOPG/data/vaspdata.Ei.0.1.Ts.100.NO.rand.zpe/vasprun-62.xml
59,737,1,/Users/samuel/Desktop/postdoc_PhLAM/NO_HOPG/data/vaspdata.Ei.0.1.Ts.100.NO.rand.zpe/vasprun-62.xml
59,954,1,/Users/samuel/Desktop/postdoc_PhLAM/NO_HOPG/data/vaspdata.Ei.0.1.Ts.100.NO.rand.zpe/vasprun-62.xml
59,1103,1,/Users/samuel/Desktop/postdoc_PhLAM/NO_HOPG/data/vaspdata.Ei.0.1.Ts.100.NO.rand.zpe/vasprun-62.xml
59,1122,1,/Users/samuel/Desktop/postdoc_PhLAM/NO_HOPG/data/vaspdata.Ei.0.1.Ts.100.NO.rand.zpe/vasprun-62.xml
59,1173,1,/Users/samuel/Desktop/postdoc_PhLAM/NO_HOPG/data/vaspdata.Ei.0.1.Ts.100.NO.rand.zpe/vasprun-62.xml
60,107,1,/Users/samuel/Desktop/postdoc_PhLAM/NO_HOPG/data/vaspdata.Ei.0.1.Ts.100.NO.rand.zpe/vasprun-63.xml
60,176,1,/Users/samuel/Desktop/postdoc_PhLAM/NO_HOPG/data/vaspdata.Ei.0.1.Ts.100.NO.rand.zpe/vasprun-63.xml
60,257,1,/Users/samuel/Desktop/postdoc_PhLAM/NO_HOPG/data/vaspdata.Ei.0.1.Ts.100.NO.rand.zpe/vasprun-63.xml
60,367,1,/Users/samuel/Desktop/postdoc_PhLAM/NO_HOPG/data/vaspdata.Ei.0.1.Ts.100.NO.rand.zpe/vasprun-63.xml
62,441,1,/Users/samuel/Desktop/postdoc_PhLAM/NO_HOPG/data/vaspdata.Ei.0.1.Ts.100.NO.rand.zpe/vasprun-65.xml
62,533,1,/Users/samuel/Desktop/postdoc_PhLAM/NO_HOPG/data/vaspdata.Ei.0.1.Ts.100.NO.rand.zpe/vasprun-65.xml
62,712,1,/Users/samuel/Desktop/postdoc_PhLAM/NO_HOPG/data/vaspdata.Ei.0.1.Ts.100.NO.rand.zpe/vasprun-65.xml
62,728,1,/Users/samuel/Desktop/postdoc_PhLAM/NO_HOPG/data/vaspdata.Ei.0.1.Ts.100.NO.rand.zpe/vasprun-65.xml
62,820,1,/Users/samuel/Desktop/postdoc_PhLAM/NO_HOPG/data/vaspdata.Ei.0.1.Ts.100.NO.rand.zpe/vasprun-65.xml
62,1058,1,/Users/samuel/Desktop/postdoc_PhLAM/NO_HOPG/data/vaspdata.Ei.0.1.Ts.100.NO.rand.zpe/vasprun-65.xml
62,1120,1,/Users/samuel/Desktop/postdoc_PhLAM/NO_HOPG/data/vaspdata.Ei.0.1.Ts.100.NO.rand.zpe/vasprun-65.xml
63,175,1,/Users/samuel/Desktop/postdoc_PhLAM/NO_HOPG/data/vaspdata.Ei.0.1.Ts.100.NO.rand.zpe/vasprun-66.xml
63,222,1,/Users/samuel/Desktop/postdoc_PhLAM/NO_HOPG/data/vaspdata.Ei.0.1.Ts.100.NO.rand.zpe/vasprun-66.xml
63,324,1,/Users/samuel/Desktop/postdoc_PhLAM/NO_HOPG/data/vaspdata.Ei.0.1.Ts.100.NO.rand.zpe/vasprun-66.xml
63,431,1,/Users/samuel/Desktop/postdoc_PhLAM/NO_HOPG/data/vaspdata.Ei.0.1.Ts.100.NO.rand.zpe/vasprun-66.xml
63,478,1,/Users/samuel/Desktop/postdoc_PhLAM/NO_HOPG/data/vaspdata.Ei.0.1.Ts.100.NO.rand.zpe/vasprun-66.xml
63,591,1,/Users/samuel/Desktop/postdoc_PhLAM/NO_HOPG/data/vaspdata.Ei.0.1.Ts.100.NO.rand.zpe/vasprun-66.xml
63,885,1,/Users/samuel/Desktop/postdoc_PhLAM/NO_HOPG/data/vaspdata.Ei.0.1.Ts.100.NO.rand.zpe/vasprun-66.xml
63,1005,1,/Users/samuel/Desktop/postdoc_PhLAM/NO_HOPG/data/vaspdata.Ei.0.1.Ts.100.NO.rand.zpe/vasprun-66.xml
63,1066,1,/Users/samuel/Desktop/postdoc_PhLAM/NO_HOPG/data/vaspdata.Ei.0.1.Ts.100.NO.rand.zpe/vasprun-66.xml
63,1109,1,/Users/samuel/Desktop/postdoc_PhLAM/NO_HOPG/data/vaspdata.Ei.0.1.Ts.100.NO.rand.zpe/vasprun-66.xml
63,1203,1,/Users/samuel/Desktop/postdoc_PhLAM/NO_HOPG/data/vaspdata.Ei.0.1.Ts.100.NO.rand.zpe/vasprun-66.xml
63,1210,1,/Users/samuel/Desktop/postdoc_PhLAM/NO_HOPG/data/vaspdata.Ei.0.1.Ts.100.NO.rand.zpe/vasprun-66.xml
63,1237,1,/Users/samuel/Desktop/postdoc_PhLAM/NO_HOPG/data/vaspdata.Ei.0.1.Ts.100.NO.rand.zpe/vasprun-66.xml
64,265,1,/Users/samuel/Desktop/postdoc_PhLAM/NO_HOPG/data/vaspdata.Ei.0.1.Ts.100.NO.rand.zpe/vasprun-67.xml
64,425,1,/Users/samuel/Desktop/postdoc_PhLAM/NO_HOPG/data/vaspdata.Ei.0.1.Ts.100.NO.rand.zpe/vasprun-67.xml
64,492,1,/Users/samuel/Desktop/postdoc_PhLAM/NO_HOPG/data/vaspdata.Ei.0.1.Ts.100.NO.rand.zpe/vasprun-67.xml
64,516,1,/Users/samuel/Desktop/postdoc_PhLAM/NO_HOPG/data/vaspdata.Ei.0.1.Ts.100.NO.rand.zpe/vasprun-67.xml
64,566,1,/Users/samuel/Desktop/postdoc_PhLAM/NO_HOPG/data/vaspdata.Ei.0.1.Ts.100.NO.rand.zpe/vasprun-67.xml
64,595,1,/Users/samuel/Desktop/postdoc_PhLAM/NO_HOPG/data/vaspdata.Ei.0.1.Ts.100.NO.rand.zpe/vasprun-67.xml
64,629,1,/Users/samuel/Desktop/postdoc_PhLAM/NO_HOPG/data/vaspdata.Ei.0.1.Ts.100.NO.rand.zpe/vasprun-67.xml
64,712,1,/Users/samuel/Desktop/postdoc_PhLAM/NO_HOPG/data/vaspdata.Ei.0.1.Ts.100.NO.rand.zpe/vasprun-67.xml
64,730,1,/Users/samuel/Desktop/postdoc_PhLAM/NO_HOPG/data/vaspdata.Ei.0.1.Ts.100.NO.rand.zpe/vasprun-67.xml
64,809,1,/Users/samuel/Desktop/postdoc_PhLAM/NO_HOPG/data/vaspdata.Ei.0.1.Ts.100.NO.rand.zpe/vasprun-67.xml
64,969,1,/Users/samuel/Desktop/postdoc_PhLAM/NO_HOPG/data/vaspdata.Ei.0.1.Ts.100.NO.rand.zpe/vasprun-67.xml
64,992,1,/Users/samuel/Desktop/postdoc_PhLAM/NO_HOPG/data/vaspdata.Ei.0.1.Ts.100.NO.rand.zpe/vasprun-67.xml
65,113,1,/Users/samuel/Desktop/postdoc_PhLAM/NO_HOPG/data/vaspdata.Ei.0.1.Ts.100.NO.rand.zpe/vasprun-68.xml
65,419,1,/Users/samuel/Desktop/postdoc_PhLAM/NO_HOPG/data/vaspdata.Ei.0.1.Ts.100.NO.rand.zpe/vasprun-68.xml
65,564,1,/Users/samuel/Desktop/postdoc_PhLAM/NO_HOPG/data/vaspdata.Ei.0.1.Ts.100.NO.rand.zpe/vasprun-68.xml
65,582,1,/Users/samuel/Desktop/postdoc_PhLAM/NO_HOPG/data/vaspdata.Ei.0.1.Ts.100.NO.rand.zpe/vasprun-68.xml
65,630,1,/Users/samuel/Desktop/postdoc_PhLAM/NO_HOPG/data/vaspdata.Ei.0.1.Ts.100.NO.rand.zpe/vasprun-68.xml
65,663,1,/Users/samuel/Desktop/postdoc_PhLAM/NO_HOPG/data/vaspdata.Ei.0.1.Ts.100.NO.rand.zpe/vasprun-68.xml
65,710,1,/Users/samuel/Desktop/postdoc_PhLAM/NO_HOPG/data/vaspdata.Ei.0.1.Ts.100.NO.rand.zpe/vasprun-68.xml
65,861,1,/Users/samuel/Desktop/postdoc_PhLAM/NO_HOPG/data/vaspdata.Ei.0.1.Ts.100.NO.rand.zpe/vasprun-68.xml
65,922,1,/Users/samuel/Desktop/postdoc_PhLAM/NO_HOPG/data/vaspdata.Ei.0.1.Ts.100.NO.rand.zpe/vasprun-68.xml
65,1059,1,/Users/samuel/Desktop/postdoc_PhLAM/NO_HOPG/data/vaspdata.Ei.0.1.Ts.100.NO.rand.zpe/vasprun-68.xml
65,1119,1,/Users/samuel/Desktop/postdoc_PhLAM/NO_HOPG/data/vaspdata.Ei.0.1.Ts.100.NO.rand.zpe/vasprun-68.xml
66,104,1,/Users/samuel/Desktop/postdoc_PhLAM/NO_HOPG/data/vaspdata.Ei.0.1.Ts.100.NO.rand.zpe/vasprun-69.xml
66,120,1,/Users/samuel/Desktop/postdoc_PhLAM/NO_HOPG/data/vaspdata.Ei.0.1.Ts.100.NO.rand.zpe/vasprun-69.xml
66,414,1,/Users/samuel/Desktop/postdoc_PhLAM/NO_HOPG/data/vaspdata.Ei.0.1.Ts.100.NO.rand.zpe/vasprun-69.xml
66,469,1,/Users/samuel/Desktop/postdoc_PhLAM/NO_HOPG/data/vaspdata.Ei.0.1.Ts.100.NO.rand.zpe/vasprun-69.xml
66,598,1,/Users/samuel/Desktop/postdoc_PhLAM/NO_HOPG/data/vaspdata.Ei.0.1.Ts.100.NO.rand.zpe/vasprun-69.xml
66,788,1,/Users/samuel/Desktop/postdoc_PhLAM/NO_HOPG/data/vaspdata.Ei.0.1.Ts.100.NO.rand.zpe/vasprun-69.xml
66,942,1,/Users/samuel/Desktop/postdoc_PhLAM/NO_HOPG/data/vaspdata.Ei.0.1.Ts.100.NO.rand.zpe/vasprun-69.xml
66,948,1,/Users/samuel/Desktop/postdoc_PhLAM/NO_HOPG/data/vaspdata.Ei.0.1.Ts.100.NO.rand.zpe/vasprun-69.xml
66,1027,1,/Users/samuel/Desktop/postdoc_PhLAM/NO_HOPG/data/vaspdata.Ei.0.1.Ts.100.NO.rand.zpe/vasprun-69.xml
66,1054,1,/Users/samuel/Desktop/postdoc_PhLAM/NO_HOPG/data/vaspdata.Ei.0.1.Ts.100.NO.rand.zpe/vasprun-69.xml
67,474,1,/Users/samuel/Desktop/postdoc_PhLAM/NO_HOPG/data/vaspdata.Ei.0.1.Ts.100.NO.rand.zpe/vasprun-7.xml
67,579,1,/Users/samuel/Desktop/postdoc_PhLAM/NO_HOPG/data/vaspdata.Ei.0.1.Ts.100.NO.rand.zpe/vasprun-7.xml
67,710,1,/Users/samuel/Desktop/postdoc_PhLAM/NO_HOPG/data/vaspdata.Ei.0.1.Ts.100.NO.rand.zpe/vasprun-7.xml
67,1078,1,/Users/samuel/Desktop/postdoc_PhLAM/NO_HOPG/data/vaspdata.Ei.0.1.Ts.100.NO.rand.zpe/vasprun-7.xml
67,1113,1,/Users/samuel/Desktop/postdoc_PhLAM/NO_HOPG/data/vaspdata.Ei.0.1.Ts.100.NO.rand.zpe/vasprun-7.xml
67,1145,1,/Users/samuel/Desktop/postdoc_PhLAM/NO_HOPG/data/vaspdata.Ei.0.1.Ts.100.NO.rand.zpe/vasprun-7.xml
67,1176,1,/Users/samuel/Desktop/postdoc_PhLAM/NO_HOPG/data/vaspdata.Ei.0.1.Ts.100.NO.rand.zpe/vasprun-7.xml
67,1192,1,/Users/samuel/Desktop/postdoc_PhLAM/NO_HOPG/data/vaspdata.Ei.0.1.Ts.100.NO.rand.zpe/vasprun-7.xml
68,15,1,/Users/samuel/Desktop/postdoc_PhLAM/NO_HOPG/data/vaspdata.Ei.0.1.Ts.100.NO.rand.zpe/vasprun-70.xml
68,246,1,/Users/samuel/Desktop/postdoc_PhLAM/NO_HOPG/data/vaspdata.Ei.0.1.Ts.100.NO.rand.zpe/vasprun-70.xml
68,402,1,/Users/samuel/Desktop/postdoc_PhLAM/NO_HOPG/data/vaspdata.Ei.0.1.Ts.100.NO.rand.zpe/vasprun-70.xml
68,430,1,/Users/samuel/Desktop/postdoc_PhLAM/NO_HOPG/data/vaspdata.Ei.0.1.Ts.100.NO.rand.zpe/vasprun-70.xml
68,491,1,/Users/samuel/Desktop/postdoc_PhLAM/NO_HOPG/data/vaspdata.Ei.0.1.Ts.100.NO.rand.zpe/vasprun-70.xml
68,496,1,/Users/samuel/Desktop/postdoc_PhLAM/NO_HOPG/data/vaspdata.Ei.0.1.Ts.100.NO.rand.zpe/vasprun-70.xml
68,589,1,/Users/samuel/Desktop/postdoc_PhLAM/NO_HOPG/data/vaspdata.Ei.0.1.Ts.100.NO.rand.zpe/vasprun-70.xml
68,597,1,/Users/samuel/Desktop/postdoc_PhLAM/NO_HOPG/data/vaspdata.Ei.0.1.Ts.100.NO.rand.zpe/vasprun-70.xml
68,629,1,/Users/samuel/Desktop/postdoc_PhLAM/NO_HOPG/data/vaspdata.Ei.0.1.Ts.100.NO.rand.zpe/vasprun-70.xml
68,733,1,/Users/samuel/Desktop/postdoc_PhLAM/NO_HOPG/data/vaspdata.Ei.0.1.Ts.100.NO.rand.zpe/vasprun-70.xml
68,843,1,/Users/samuel/Desktop/postdoc_PhLAM/NO_HOPG/data/vaspdata.Ei.0.1.Ts.100.NO.rand.zpe/vasprun-70.xml
68,885,1,/Users/samuel/Desktop/postdoc_PhLAM/NO_HOPG/data/vaspdata.Ei.0.1.Ts.100.NO.rand.zpe/vasprun-70.xml
68,916,1,/Users/samuel/Desktop/postdoc_PhLAM/NO_HOPG/data/vaspdata.Ei.0.1.Ts.100.NO.rand.zpe/vasprun-70.xml
68,931,1,/Users/samuel/Desktop/postdoc_PhLAM/NO_HOPG/data/vaspdata.Ei.0.1.Ts.100.NO.rand.zpe/vasprun-70.xml
68,940,1,/Users/samuel/Desktop/postdoc_PhLAM/NO_HOPG/data/vaspdata.Ei.0.1.Ts.100.NO.rand.zpe/vasprun-70.xml
68,1025,1,/Users/samuel/Desktop/postdoc_PhLAM/NO_HOPG/data/vaspdata.Ei.0.1.Ts.100.NO.rand.zpe/vasprun-70.xml
68,1030,1,/Users/samuel/Desktop/postdoc_PhLAM/NO_HOPG/data/vaspdata.Ei.0.1.Ts.100.NO.rand.zpe/vasprun-70.xml
68,1163,1,/Users/samuel/Desktop/postdoc_PhLAM/NO_HOPG/data/vaspdata.Ei.0.1.Ts.100.NO.rand.zpe/vasprun-70.xml
69,5,1,/Users/samuel/Desktop/postdoc_PhLAM/NO_HOPG/data/vaspdata.Ei.0.1.Ts.100.NO.rand.zpe/vasprun-71.xml
69,261,1,/Users/samuel/Desktop/postdoc_PhLAM/NO_HOPG/data/vaspdata.Ei.0.1.Ts.100.NO.rand.zpe/vasprun-71.xml
69,561,1,/Users/samuel/Desktop/postdoc_PhLAM/NO_HOPG/data/vaspdata.Ei.0.1.Ts.100.NO.rand.zpe/vasprun-71.xml
69,586,1,/Users/samuel/Desktop/postdoc_PhLAM/NO_HOPG/data/vaspdata.Ei.0.1.Ts.100.NO.rand.zpe/vasprun-71.xml
69,595,1,/Users/samuel/Desktop/postdoc_PhLAM/NO_HOPG/data/vaspdata.Ei.0.1.Ts.100.NO.rand.zpe/vasprun-71.xml
69,630,1,/Users/samuel/Desktop/postdoc_PhLAM/NO_HOPG/data/vaspdata.Ei.0.1.Ts.100.NO.rand.zpe/vasprun-71.xml
69,652,1,/Users/samuel/Desktop/postdoc_PhLAM/NO_HOPG/data/vaspdata.Ei.0.1.Ts.100.NO.rand.zpe/vasprun-71.xml
69,668,1,/Users/samuel/Desktop/postdoc_PhLAM/NO_HOPG/data/vaspdata.Ei.0.1.Ts.100.NO.rand.zpe/vasprun-71.xml
70,11,1,/Users/samuel/Desktop/postdoc_PhLAM/NO_HOPG/data/vaspdata.Ei.0.1.Ts.100.NO.rand.zpe/vasprun-72.xml
70,81,1,/Users/samuel/Desktop/postdoc_PhLAM/NO_HOPG/data/vaspdata.Ei.0.1.Ts.100.NO.rand.zpe/vasprun-72.xml
70,132,1,/Users/samuel/Desktop/postdoc_PhLAM/NO_HOPG/data/vaspdata.Ei.0.1.Ts.100.NO.rand.zpe/vasprun-72.xml
70,153,1,/Users/samuel/Desktop/postdoc_PhLAM/NO_HOPG/data/vaspdata.Ei.0.1.Ts.100.NO.rand.zpe/vasprun-72.xml
70,502,1,/Users/samuel/Desktop/postdoc_PhLAM/NO_HOPG/data/vaspdata.Ei.0.1.Ts.100.NO.rand.zpe/vasprun-72.xml
70,511,1,/Users/samuel/Desktop/postdoc_PhLAM/NO_HOPG/data/vaspdata.Ei.0.1.Ts.100.NO.rand.zpe/vasprun-72.xml
70,530,1,/Users/samuel/Desktop/postdoc_PhLAM/NO_HOPG/data/vaspdata.Ei.0.1.Ts.100.NO.rand.zpe/vasprun-72.xml
70,540,1,/Users/samuel/Desktop/postdoc_PhLAM/NO_HOPG/data/vaspdata.Ei.0.1.Ts.100.NO.rand.zpe/vasprun-72.xml
70,573,1,/Users/samuel/Desktop/postdoc_PhLAM/NO_HOPG/data/vaspdata.Ei.0.1.Ts.100.NO.rand.zpe/vasprun-72.xml
70,712,1,/Users/samuel/Desktop/postdoc_PhLAM/NO_HOPG/data/vaspdata.Ei.0.1.Ts.100.NO.rand.zpe/vasprun-72.xml
70,739,1,/Users/samuel/Desktop/postdoc_PhLAM/NO_HOPG/data/vaspdata.Ei.0.1.Ts.100.NO.rand.zpe/vasprun-72.xml
70,905,1,/Users/samuel/Desktop/postdoc_PhLAM/NO_HOPG/data/vaspdata.Ei.0.1.Ts.100.NO.rand.zpe/vasprun-72.xml
71,560,1,/Users/samuel/Desktop/postdoc_PhLAM/NO_HOPG/data/vaspdata.Ei.0.1.Ts.100.NO.rand.zpe/vasprun-73.xml
71,641,1,/Users/samuel/Desktop/postdoc_PhLAM/NO_HOPG/data/vaspdata.Ei.0.1.Ts.100.NO.rand.zpe/vasprun-73.xml
71,703,1,/Users/samuel/Desktop/postdoc_PhLAM/NO_HOPG/data/vaspdata.Ei.0.1.Ts.100.NO.rand.zpe/vasprun-73.xml
71,959,1,/Users/samuel/Desktop/postdoc_PhLAM/NO_HOPG/data/vaspdata.Ei.0.1.Ts.100.NO.rand.zpe/vasprun-73.xml
71,1024,1,/Users/samuel/Desktop/postdoc_PhLAM/NO_HOPG/data/vaspdata.Ei.0.1.Ts.100.NO.rand.zpe/vasprun-73.xml
71,1033,1,/Users/samuel/Desktop/postdoc_PhLAM/NO_HOPG/data/vaspdata.Ei.0.1.Ts.100.NO.rand.zpe/vasprun-73.xml
71,1045,1,/Users/samuel/Desktop/postdoc_PhLAM/NO_HOPG/data/vaspdata.Ei.0.1.Ts.100.NO.rand.zpe/vasprun-73.xml
71,1066,1,/Users/samuel/Desktop/postdoc_PhLAM/NO_HOPG/data/vaspdata.Ei.0.1.Ts.100.NO.rand.zpe/vasprun-73.xml
71,1093,1,/Users/samuel/Desktop/postdoc_PhLAM/NO_HOPG/data/vaspdata.Ei.0.1.Ts.100.NO.rand.zpe/vasprun-73.xml
71,1172,1,/Users/samuel/Desktop/postdoc_PhLAM/NO_HOPG/data/vaspdata.Ei.0.1.Ts.100.NO.rand.zpe/vasprun-73.xml
72,306,1,/Users/samuel/Desktop/postdoc_PhLAM/NO_HOPG/data/vaspdata.Ei.0.1.Ts.100.NO.rand.zpe/vasprun-74.xml
72,374,1,/Users/samuel/Desktop/postdoc_PhLAM/NO_HOPG/data/vaspdata.Ei.0.1.Ts.100.NO.rand.zpe/vasprun-74.xml
72,423,1,/Users/samuel/Desktop/postdoc_PhLAM/NO_HOPG/data/vaspdata.Ei.0.1.Ts.100.NO.rand.zpe/vasprun-74.xml
72,491,1,/Users/samuel/Desktop/postdoc_PhLAM/NO_HOPG/data/vaspdata.Ei.0.1.Ts.100.NO.rand.zpe/vasprun-74.xml
72,523,1,/Users/samuel/Desktop/postdoc_PhLAM/NO_HOPG/data/vaspdata.Ei.0.1.Ts.100.NO.rand.zpe/vasprun-74.xml
72,541,1,/Users/samuel/Desktop/postdoc_PhLAM/NO_HOPG/data/vaspdata.Ei.0.1.Ts.100.NO.rand.zpe/vasprun-74.xml
72,650,1,/Users/samuel/Desktop/postdoc_PhLAM/NO_HOPG/data/vaspdata.Ei.0.1.Ts.100.NO.rand.zpe/vasprun-74.xml
72,736,1,/Users/samuel/Desktop/postdoc_PhLAM/NO_HOPG/data/vaspdata.Ei.0.1.Ts.100.NO.rand.zpe/vasprun-74.xml
72,868,1,/Users/samuel/Desktop/postdoc_PhLAM/NO_HOPG/data/vaspdata.Ei.0.1.Ts.100.NO.rand.zpe/vasprun-74.xml
72,940,1,/Users/samuel/Desktop/postdoc_PhLAM/NO_HOPG/data/vaspdata.Ei.0.1.Ts.100.NO.rand.zpe/vasprun-74.xml
72,1074,1,/Users/samuel/Desktop/postdoc_PhLAM/NO_HOPG/data/vaspdata.Ei.0.1.Ts.100.NO.rand.zpe/vasprun-74.xml
72,1128,1,/Users/samuel/Desktop/postdoc_PhLAM/NO_HOPG/data/vaspdata.Ei.0.1.Ts.100.NO.rand.zpe/vasprun-74.xml
72,1152,1,/Users/samuel/Desktop/postdoc_PhLAM/NO_HOPG/data/vaspdata.Ei.0.1.Ts.100.NO.rand.zpe/vasprun-74.xml
73,136,1,/Users/samuel/Desktop/postdoc_PhLAM/NO_HOPG/data/vaspdata.Ei.0.1.Ts.100.NO.rand.zpe/vasprun-76.xml
73,393,1,/Users/samuel/Desktop/postdoc_PhLAM/NO_HOPG/data/vaspdata.Ei.0.1.Ts.100.NO.rand.zpe/vasprun-76.xml
73,450,1,/Users/samuel/Desktop/postdoc_PhLAM/NO_HOPG/data/vaspdata.Ei.0.1.Ts.100.NO.rand.zpe/vasprun-76.xml
93,1117,2,/Users/samuel/Desktop/postdoc_PhLAM/NO_HOPG/data/vaspdata.Ei.0.1.Ts.100.NO.rand.zpe/vasprun-96.xml
